{
  "epoch": [
    0,
    5,
    10,
    15,
    20,
    25,
    30,
    35,
    40,
    45,
    50,
    55,
    60,
    65,
    70,
    75,
    80,
    85,
    90,
    95,
    100,
    105,
    110,
    115,
    120,
    125,
    130,
    135,
    140,
    145,
    150,
    155,
    160,
    165,
    170,
    175,
    180,
    185,
    190,
    195
  ],
  "train_loss": [
    537.7778366208076,
    626.7703030109406,
    585.0116630196571,
    510.4765428304672,
    495.27777326107025,
    424.3698721528053,
    454.49260264635086,
    396.85550832748413,
    372.51602444052696,
    322.9154716730118,
    248.3855521082878,
    213.43012964725494,
    190.5745738595724,
    140.4811059627682,
    143.51871383748949,
    124.31747443974018,
    117.80333936214447,
    97.17841157875955,
    86.85704375710338,
    85.45890933375631,
    79.18762930459343,
    79.11254927143455,
    62.17514955997467,
    40.07251049482875,
    51.33578160226102,
    38.85375189507613,
    33.093151420642684,
    30.90231173307984,
    32.28206695950939,
    39.03690546751022,
    51.86569954873676,
    24.645071475057648,
    30.881672772634374,
    31.24584128101757,
    22.046596204130765,
    19.85334136318226,
    23.095807506149868,
    17.159333510299803,
    22.146412486586172,
    20.718086815744947
  ],
  "val_precision": [
    0.09285714285714286,
    0.1322314049586777,
    0.6428571428571429,
    1.0,
    0.8666666666666667,
    0.3488372093023256,
    0.515625,
    0.5223880597014925,
    0.589041095890411,
    0.6,
    0.6493506493506493,
    0.6835443037974683,
    0.6883116883116883,
    0.7215189873417721,
    0.782051282051282,
    0.875,
    0.8414634146341463,
    0.8734177215189873,
    0.8765432098765432,
    0.8641975308641975,
    0.9125,
    0.8888888888888888,
    0.8536585365853658,
    0.8888888888888888,
    0.8902439024390244,
    0.8902439024390244,
    0.8780487804878049,
    0.8780487804878049,
    0.8902439024390244,
    0.9024390243902439,
    0.8902439024390244,
    0.8902439024390244,
    0.8902439024390244,
    0.8902439024390244,
    0.8780487804878049,
    0.8902439024390244,
    0.8902439024390244,
    0.8902439024390244,
    0.9012345679012346,
    0.9024390243902439
  ],
  "val_recall": [
    0.15853658536585366,
    0.1951219512195122,
    0.10975609756097561,
    0.012195121951219513,
    0.15853658536585366,
    0.18292682926829268,
    0.4024390243902439,
    0.4268292682926829,
    0.524390243902439,
    0.5853658536585366,
    0.6097560975609756,
    0.6585365853658537,
    0.6463414634146342,
    0.6951219512195121,
    0.7439024390243902,
    0.8536585365853658,
    0.8414634146341463,
    0.8414634146341463,
    0.8658536585365854,
    0.8536585365853658,
    0.8902439024390244,
    0.8780487804878049,
    0.8536585365853658,
    0.8780487804878049,
    0.8902439024390244,
    0.8902439024390244,
    0.8780487804878049,
    0.8780487804878049,
    0.8902439024390244,
    0.9024390243902439,
    0.8902439024390244,
    0.8902439024390244,
    0.8902439024390244,
    0.8902439024390244,
    0.8780487804878049,
    0.8902439024390244,
    0.8902439024390244,
    0.8902439024390244,
    0.8902439024390244,
    0.9024390243902439
  ],
  "val_f1": [
    0.11711711711711711,
    0.15763546798029557,
    0.1875,
    0.024096385542168676,
    0.2680412371134021,
    0.24000000000000002,
    0.452054794520548,
    0.4697986577181208,
    0.5548387096774193,
    0.5925925925925926,
    0.6289308176100628,
    0.6708074534161491,
    0.6666666666666666,
    0.7080745341614906,
    0.7624999999999998,
    0.8641975308641976,
    0.8414634146341463,
    0.857142857142857,
    0.8711656441717791,
    0.8588957055214724,
    0.9012345679012346,
    0.8834355828220859,
    0.8536585365853658,
    0.8834355828220859,
    0.8902439024390244,
    0.8902439024390244,
    0.8780487804878049,
    0.8780487804878049,
    0.8902439024390244,
    0.9024390243902439,
    0.8902439024390244,
    0.8902439024390244,
    0.8902439024390244,
    0.8902439024390244,
    0.8780487804878049,
    0.8902439024390244,
    0.8902439024390244,
    0.8902439024390244,
    0.8957055214723927,
    0.9024390243902439
  ]
}